Time (s),X-Axis (m/s2),Y- Axis (m/s2),Z-Axis (m/s2)
0.0,0.1289764186740805,0.02583215183432138,0.5823685812455661,
0.004974365,0.33684812712676443,0.003429393342457107,0.6919080485902036,
0.009979248,0.13924168529516157,-0.05088197360728432,0.5937486068409132,
0.014984131,-0.10504952285762076,-0.06560792263582746,0.34474986203523095,
0.019958496,-0.13001129797359662,-0.01801368185866198,-0.0402279424030656,
0.024963379,-0.13464868681637732,-0.00674492986192958,-0.2965012015787032,
0.029968262,-0.14410810960935183,0.013756888141706336,-0.3827698089192122,
0.034942627,0.028365856062518513,0.03590785426336507,-0.29664553463537047,
0.03994751,0.1337766692250148,0.02106026778569206,-0.10515090036454566,
0.044921875,0.12809067131751184,0.005349190791053643,0.03271277580211418,
0.049926758,0.12929138471025947,0.008112360445342914,0.07022539642294134,
0.05493164,0.030642580424457583,0.010322896168774333,-0.0031946828616469247,
0.059906006,-0.08082040831668394,-0.005145003377480528,-0.04277791425806754,
0.064910888,-0.09530818212209713,-0.002199498795734417,-0.04762565171895439,
0.069885254,-0.08964986601017771,1.5690486966246642E-4,0.049997623156086135,
0.074890137,-0.02766471702689216,-0.02286031594802003,0.14342827430611926,
0.079895019,0.02382769903473625,-0.04319059650841603,0.17603412335114577,
0.084869385,0.04013149516528902,0.005669690762017177,0.17147915414966697,
0.089874267,0.05125802816348121,0.0045357526096137385,0.08737863581973393,
0.094848633,0.01419978190578497,0.011294617712690982,-0.025861251500462146,
0.099853515,-0.03269535025662201,0.022439014482652786,-0.173923864481619,
0.104858398,-0.0548916317677976,0.010285195961122227,-0.19659758767904556,
0.109832763,-0.02476047338298809,0.002490852081397786,-0.15536156623698716,
0.114837646,0.031912812699859544,-0.009506341772381771,-0.06491425298959008,
0.119842529,0.03318405875363764,-0.0037720656054054183,-0.007876226610422421,
0.124816894,0.030380254815410096,-0.01260017201557434,0.030088178867911708,
0.129821777,0.010900883539828071,-4.976180812094749E-4,0.06620921496933008,
0.134796142,-0.014265133011887532,0.0072679211600324214,0.05871688369421335,
0.139801025,-0.03439794625326004,0.005814336928025937,0.05463952258036997,
0.144805908,-0.03326786872135801,-0.020250874207579247,0.032212594626795266,
0.149780273,-0.0017119512270863946,-0.00663038686606339,0.0679087475764355,
0.154785156,-0.0032860648879191046,-0.0014713016803507145,0.03325766212364911,
0.159759521,0.012690972308414705,-0.001177041344280566,0.0036202898551689344,
0.164764404,0.019735297377981742,-0.004774640887924453,-0.05839527202211414,
0.169769287,0.021537749621135388,0.011512318539660435,-0.0543700262114406,
0.174743652,-0.009588647959341695,0.026446182956728348,-0.08563469284415248,
0.179748535,-0.01533693399247335,0.011574426834132678,-0.051271426150321986,
0.184753418,0.010716292649771308,-0.02138010697019386,-0.023780812795257233,
0.189727783,-9.97278380182931E-4,-0.005617269169905084,0.015448006013794924,
0.194732666,-0.006547334422896345,0.01657552060157593,0.021940924342287005,
0.199707031,0.010081956680432935,-1.4290383123925776E-4,0.0845937550988296,
0.204711914,0.00423255753184637,-0.019267155096241412,0.03702314861031297,
0.209716797,-0.008100770380772893,0.007572115766756871,0.020048206388249667,
0.214691162,-0.012230128023368314,0.013711501207155495,0.027525381516849023,
0.219696045,-0.013604903199944673,0.0071361931532243975,0.01053348880722993,
0.22467041,0.006352405565044267,0.007625458428829522,0.004593783233284299,
0.229675293,-0.014070907579214587,-0.00921945747568638,-0.013561301538372206,
0.234649658,0.015549914561628325,2.9044964445090055E-4,-0.018515056855697765,
0.239654541,0.004786123055552649,0.005969664403060723,-0.037797885328307856,
0.244659424,-0.0019206132743078697,9.549307411985813E-4,-0.05705715591889593,
0.249633789,0.015699837505553704,0.0045847453742088665,-0.02265988489136639,
0.254638672,0.02022588562944297,-0.003986012294382904,0.0010249241181572444,
0.259643555,-0.01255464305894563,-0.014687833273006323,0.01615197054452544,
0.26461792,-0.015793226165906504,-0.00983376271215506,0.03972821706062035,
0.269622803,0.0046139542235247855,-0.004034002357224044,0.02604526896099557,
0.274627685,-0.00972436396493015,-0.001310697979529235,0.030406527668796812,
0.279602051,-0.013516795859444097,0.002784449428876609,0.02049221432253745,
0.284606933,0.0064228914374447055,-0.001605448269398714,-0.002759060573218619,
0.289581299,0.005138313149955748,-0.014687678928018977,0.00545876716642546,
0.294586181,0.017513970832464587,-0.002179830642415184,-0.03011784954810892,
0.299591064,0.01017816885347167,0.009755158923567847,-0.020261271825987137,
0.30456543,-0.011010296948472664,0.013541431826354276,-0.012376009648289,
0.309570312,-0.012641245371278143,0.003179336867333425,-0.01756682334363191,
0.314544678,0.010956339640477486,0.00636427027511674,-0.023623771174905883,
0.31954956,0.004932063899881989,-0.017882216592406602,-0.01889901693992435,
0.324554443,-0.007541165286344409,-0.014305773273925293,0.02701945832306052,
0.329528808,0.007370388083424467,-0.02486014596289024,0.025448574470949836,
0.334533691,0.017395333904239585,0.0011812191671878025,0.01652585176426058,
0.339538574,0.004333747592141668,0.006694487052500239,0.015137185317659174,
0.344512939,0.00346699807371334,0.024508421673250194,-0.00512657987087195,
0.349517822,0.004690102365220689,0.01960673733860016,0.00546904860330244,
0.354492187,-0.0019974298265734713,-0.0034674421603698713,0.0024587349763915967,
0.35949707,-0.016917768080008777,0.006796358771704106,-0.03250566826888601,
0.364501953,-0.011617710557757038,0.005437087017363285,0.006551617728641546,
0.369476318,-0.020780984852455636,0.004349669613890633,0.005241294182912526,
0.374481201,-0.008970979288214498,-0.00800708071513749,-0.01879280449741927,
0.379455566,0.00815524781942839,0.02041318308414001,-0.016938540472935415,
0.384460449,-0.004974825181957299,-0.014321309001437993,-0.011646535503349043,
0.389465332,-0.005896364051815817,-0.022943863607400403,0.04240396300357219,
0.394439697,0.0067819321960473355,0.016117565364079676,0.03775617821535704,
0.39944458,0.014995858256837885,-5.09268021236256E-4,0.02445543085353563,
0.404418945,-0.001406633707029703,0.005329890270510992,0.01381483296407815,
0.409423828,0.010361509440626249,-0.011055912002341212,-0.04640662972248677,
0.414428711,0.00255190286500101,7.377899293770362E-4,-7.361436217401263E-4,
0.419403076,-0.0075409972392491975,-0.005159279775248368,-0.008242723491141746,
0.424407959,-0.006032797791399369,0.01694191211730131,-8.56874105412686E-4,
0.429412842,-0.004826238233119506,-0.011348814056158951,-0.01600532350308015,
0.434417724,-0.0019444866802456051,-0.018649363744927164,-0.007054747083714119,
0.43939209,-0.009221604969196495,0.0023168371290582662,0.0020222179580287047,
0.444366455,0.006038243368392787,0.0018534697032466102,-0.015630760789825615,
0.44934082,-0.004751924836535776,0.011053088262597294,-0.0029220891006112026,
0.454345703,0.0038644757557713683,0.022257997953827838,0.0014953365320113932,
0.459320068,-0.023727267051632916,0.013973390550562272,0.016516093444359115,
0.464324951,-0.007482790203806322,-0.006057615684550183,0.03428221069298765,
0.469329834,0.018903904555704953,-0.010595604266390148,-0.008963391601859882,
0.474304199,0.0017198033320639794,-0.010392987319362113,-0.0033377054689882613,
0.479309082,0.010946155165651172,0.0070054343632603155,0.001150636406059391,
0.484283447,0.012589931945020949,-0.009715476728141742,-9.959947814017767E-4,
0.48928833,0.031141281493516748,-0.007772381382513391,-0.033352948168870356,
0.494262695,-0.017225646680186613,0.0014481105189892846,0.0020529930274033603,
0.499267578,-0.019517822031649312,-0.008424031116058578,-2.741094843266012E-4,
0.504272461,0.0016220704996805502,-0.01248873661159687,0.007434521006288719,
0.509277344,-0.00828486313150556,-0.004241477570527494,-0.01128871131996867,
0.514282226,-0.014281699098954437,-0.011046990650172006,-0.014780480774724936,
0.519256592,0.005810968845836428,-0.00501679173888761,0.009244951317720407,
0.524261474,8.157672641691538E-4,0.02280541426513992,-0.004090855352073319,
0.529266357,-0.010834202594914688,0.02591034703711194,0.036949483687092055,
0.534240722,0.010485469955318238,-0.008007073932810443,-0.008746077112824935,
0.539245605,0.014125680651754596,-0.017892475552498358,-0.020400182002759948,
0.544219971,0.00938404061515366,-9.106601294986832E-4,-0.014415848727207248,
0.549224853,0.0055907285858729505,-0.00839454372859895,-0.009616175075514377,
0.554229736,-0.008930737443801656,-0.002882627170379154,-0.013430244747912212,
0.559204101,-0.024380918080041336,0.0015269060761966685,0.01032514013916952,
0.564208984,-0.009922214932783058,-0.010265291545292668,0.006343608205085616,
0.569213867,0.005465548366273554,0.020510911295015866,-0.004507632967181152,
0.574188232,-0.014780393338231168,0.012575721223512693,0.007892917063754723,
0.579193115,0.013078029079415077,0.01964309651006016,5.64821932254489E-4,
0.58416748,-0.010606912673967961,0.0023111568955481304,-0.009130661985444988,
0.589172363,0.016404606579575626,-0.013483105733561498,-0.009221033494606345,
0.594177246,-2.796350488394883E-4,-0.012702988493099199,-0.007376826795685076,
0.599151611,-0.011710524445321613,-5.798712632293646E-4,0.02666689793845123,
0.604156494,-0.011284923462507312,0.007202118614416511,0.004097190225760272,
0.609130859,-0.007111434863755872,-0.007653832452216791,0.009015056868108218,
0.614135742,0.021117492733995324,-0.031025409711773436,0.03019788533823764,
0.619140625,0.014977490280946248,0.01731834410558125,-0.0045648362606591775,
0.62411499,-0.0071708398064930234,0.017687683096965,0.01933397083522337,
0.629119873,1.2839873555575698E-5,0.0026633300713219954,0.007801161043179405,
0.634094238,-0.007655743726155573,-0.001702343755442405,-0.02631522350920612,
0.639099121,0.01112394017532553,5.546289018960732E-4,-0.005732354588614541,
0.644104004,-0.014086687703489587,-0.012971824222233141,0.0011636280478590777,
0.649078369,-0.0016990376627916692,-7.94939846536516E-4,0.010501214938287262,
0.654083252,0.025459617526016665,0.007030063747770793,7.349563256298097E-4,
0.659088135,-0.02177097785418669,-0.0020419646267833685,0.004420972873003137,
0.6640625,-0.011667270564599375,-0.0380227318576767,0.01120279392340251,
0.669067383,0.0040695038608205,0.00980398248260865,-6.202843925287027E-4,
0.674041748,0.010921618713656434,0.009759689892336915,0.009086292017226327,
0.679046631,-0.006594736279074864,1.4173628886952894E-4,-0.021466317948718228,
0.684051513,-0.0014427812107599136,0.015433213249845618,0.013478801109775063,
0.689025879,0.012261302375142058,0.010430066693626491,0.00695003307532005,
0.694030762,0.0021430262751136464,0.008344053354901196,-1.8948525849360465E-4,
0.699005127,-2.0208288615908288E-4,0.008591746590170958,0.0036814196057051163,
0.70401001,-0.009731978808927289,-0.008446426946613239,-0.0028043760341862622,
0.709014892,0.024770569296608175,-0.012506653276040586,0.0169093312039017,
0.713989258,6.636234060365398E-4,-0.004255810902082463,0.028859496213121005,
0.71899414,-0.007135116900170768,-0.0014881448154159677,0.00967206962674716,
0.723968506,0.0077074338236133855,-0.001190515852332777,-0.0018326567986015618,
0.728973388,-0.01681989278485929,0.0067136029431337785,-0.02445196528262983,
0.733978271,-0.011539410321637411,-0.013781949676742983,-0.015728564413603152,
0.738952637,0.017575112367690077,4.6125666485560823E-4,-0.010666347624631811,
0.743957519,-0.007009246043347961,-0.01303431498061551,0.0067867461190438405,
0.748931885,0.017378443009071626,0.002975868328007586,0.011178908613985072,
0.753936767,0.0139027544072573,-0.0033688170563439257,-0.015959216858812297,
0.75894165,-0.00803062850544417,-0.008432358332575135,-0.018516885205800193,
0.763916015,0.010811825320644675,0.018144250052689895,-0.001410187852140865,
0.768920898,-0.008586867868484255,0.01069459926090191,-0.004948951062962337,
0.773925781,0.0027130252364625795,0.012376480189971534,0.007527655555881196,
0.778900146,0.009824228782920053,3.308716519772256E-4,0.025174956475954247,
0.783905029,0.0059428791200860365,0.002181201227831775,9.87133149513042E-4,
0.788879394,-9.830013914311764E-4,0.003661464888515424,-0.0011267973866395664,
0.793884277,-0.010368920644394958,-0.0066533476204376635,-0.025803781659311298,
0.79888916,-0.006378632609265966,0.0023433375286498748,-0.003394490171199749,
0.803863525,0.006383910318837227,-0.019194665914580106,-0.01038160776196051,
0.808868408,-0.012129199869930218,-0.005785420231664076,0.010847545821681237,
0.813842773,0.005628671354055814,0.010703695064668742,-0.012391299280155366,
0.818847656,6.699292707446625E-4,0.002813444332984999,-3.3051989287358197E-4,
0.823852539,0.023521783260345736,0.015654075778888,0.02270921689820149,
0.828826904,-3.3540542297341713E-4,0.0029529481231104007,0.008597061018560836,
0.833831787,-0.007934339963378723,0.006183159279738323,-0.01419168712265062,
0.838806152,0.0013185436542970108,0.0049465274237906615,-0.013269853604370496,
0.843811035,-0.006611180701562386,0.003957221939032529,0.025773277272753248,
0.848815918,4.6056715750009136E-4,-0.01407055057377398,0.026368133536951888,
0.853790283,0.0061057584135000564,2.4258297848081534E-4,-0.001891333014187424,
0.858795166,-0.00851871358169995,-0.0036389414297153463,-0.026415410161350295,
0.863800049,-0.0029819630528599705,-0.01057716876877228,-0.005800296879080236,
0.868774414,-4.6906653603795423E-4,-7.957193900178239E-4,0.014512594527985812,
0.873779297,-3.752532288303634E-4,-0.010219095043264265,0.01734738030988936,
0.878753662,-0.0022167064893142685,-0.010091779940861412,0.004307591747911843,
0.883758545,0.005880443402298596,-0.009977720827689135,-0.02720578207041946,
0.888763428,-0.008698965590661134,-3.2836806840130794E-4,-0.017931617843835568,
0.893737793,0.004539850964971087,0.0016538094515289592,-0.01434529427506881,
0.898742676,0.02086820889697688,-0.01016376884502683,0.0038435887986949524,
0.903717041,0.0013625358675815047,-0.0023937103885214583,-0.0045789375547933275,
0.908721924,-0.0027307720871848074,0.022987375439182833,0.002074154643665338,
0.913726806,0.0016361831115021541,0.01264038863259627,-0.015577004410067374,
0.918701172,-0.006344862104548266,5.419984060770211E-4,-0.01054509962180461,
0.923706055,-0.010825401402388607,-0.00531591299388838,-0.004603071884943688,
0.928710937,-0.018230633621910908,0.009162796948639293,-0.00559896141420424,
0.933685303,-0.01650101080377875,0.011151038340161436,0.012757158993636608,
0.938690185,0.0021190155757269957,0.0031835259846291486,0.021704750632409286,
0.943664551,-0.0040542992581684145,0.010200629381453323,0.03076712081842814,
0.948669433,0.01207638481221529,0.015826519130162663,-0.021357983032757488,
0.953674316,0.003923803162272255,-0.019907144070869867,-0.011336874707456701,
0.958648681,-6.939652826822018E-4,-0.0235795238504459,0.02540315648403535,
0.963653564,-0.0043881800386457726,0.015609037169643278,0.0011696931559779244,
0.96862793,3.224637815833764E-4,0.016320237548214628,-0.01246756578771624,
0.973632812,-0.009324548505983299,-0.0022636341801783033,-4.037401301726362E-4,
0.978637695,-0.009363935679786661,-0.015226434687892643,0.01309253523961118,
0.98361206,-0.011324156356329329,-0.008348139937814109,-0.006762299933310345,
0.988616943,0.0024274913211865257,0.02971064820599871,-0.0054098399466475655,
0.993591308,0.00960800868194922,0.012281702158548971,0.007158944448931948,
0.998596191,0.015340215539309365,0.01557487344558918,-0.02491249287835373,
1.003601074,0.010355668525197481,-9.556285872786563E-4,0.020292173666067725,
1.008575439,-0.010868297211092004,-0.012251319276072925,0.012400731120354891,
1.013580322,-0.0010286221438736143,0.003602264891641664,-0.018814766666215732,
1.018585205,0.014496926503651114,-0.0028554927741866673,-0.0016362859892229409,
1.02355957,-0.00755529082832912,-0.034852753594349334,-0.03771039597887871,
1.028564453,-0.00412772875641329,-0.0010633552192294699,-0.005265973033102611,
1.033538818,0.01585064902611938,-0.014266211519133584,0.0034532371985172006,
1.038543701,0.006931007502145481,-0.04588562546530686,0.012332902258814116,
1.043548584,-0.017428826810783615,-3.193402159954867E-4,0.04051817727580165,
1.048522949,0.009030571363873086,0.028479879389703616,-0.003974618335607971,
1.053527832,0.005320160216098463,0.017034391793012887,-0.008929206387236377,
1.058502197,-0.0014933835458712519,0.0021406970281603183,0.029245795046460188,
1.06350708,-0.003111210742946985,0.00362906152877826,0.002327300099668861,
1.068511963,-0.0024889685943575712,-0.018166086714477392,-0.023040503670264556,
1.073486328,0.0018418329370139541,-0.006879060777831916,0.008386444720038355,
1.078491211,0.007210771037111152,-0.005503248622265533,9.596440572803289E-4,
1.083465576,3.131214218893286E-5,-0.008223399679062438,-0.014552108972925026,
1.088470459,0.0019415536200011463,0.010657608381750047,0.003678137040409979,
1.093475342,-0.004196268822749066,0.025762414830400038,0.0029425096323283384,
1.098449707,-0.020593343183199248,-0.00429241188567997,0.002354007705863026,
1.10345459,0.010331966078440613,-0.00726693732104397,0.01338222960218971,
1.108428955,-0.007054251355997521,0.0037689696744148266,0.014538791494251413,
1.113433838,-0.015213713584798005,-0.0027343359792181415,-0.01710431836709958,
1.118438721,0.020385181475911618,0.0016455390291254812,-0.007933942974929664,
1.123413086,0.031627969399479317,0.0032329351295503905,0.010889173745056269,
1.128417969,-0.014919792449166525,-0.005079667521359688,-0.033427332878954275,
1.133392334,-0.015756634740583197,0.007435289420412244,-0.0037560264594134196,
1.138397217,-0.01452181169871658,-0.01130030361992021,0.004648987426218554,
1.143402099,0.015189191266026747,0.019695108666563828,0.015218213378474843,
1.148376465,0.004497544419071381,-0.012979264629248935,0.01025806679652952,
1.153381347,-0.004067980089742906,-0.0065504038908991424,-0.01669589031277674,
1.15838623,-0.001337880165544314,-0.010977627800219325,4.66080622789633E-5,
1.163360596,0.010416512273814543,-0.00687780536517546,0.01153630988732246,
1.168365478,-0.02230643861844836,0.02323310727035964,-0.01567329584014132,
1.173339844,0.014711001448991318,0.007099669410037715,-0.012538636672113412,
1.178344726,2.8198475294305414E-4,-0.01347309650321983,0.01870444222480927,
1.183319092,0.004058595614854443,0.016028163422424135,-0.03100812590765223,
1.188323974,-0.004419139133116451,0.01857204245668931,0.023081682867628572,
1.193328857,-0.0035353113064931496,-0.002378694159648552,0.006966322856602147,
1.198303222,-0.014315065451444509,-0.007652467046468839,-0.013579773745968637,
1.203308105,-0.011452052361155596,0.007281346675324929,0.00445600522197509,
1.208312988,-0.0034243372014244877,0.005825077340259943,-0.017504531759918507,
1.213287353,0.0030100419576103987,0.002755764997207956,0.010898718342065905,
1.218292236,0.008157545284838308,-0.013127419252233638,-0.004684345638846565,
1.223266601,0.002693028415370613,0.002913591941963091,-0.022900308542327608,
1.228271484,0.009820438357296485,0.009984682147320477,-0.012582942146362797,
1.233276367,0.004023342873337166,-0.007332078500893617,-0.010066353717089527,
1.238250732,-6.143335138302508E-4,0.005621153605535112,0.018765764682578734,
1.243255615,0.0071745488139358105,-0.024226221646821908,0.005442299246062987,
1.24822998,0.007643935926148648,-0.013631465598707537,0.010091144084350745,
1.253234863,0.004210851865918908,0.013984964239783973,4.191066737302407E-4,
1.258209228,0.005272978367735104,-0.007964860639422824,0.007989093932733837,
1.263214111,-0.009184937618311934,-0.002538880699038265,-0.018498861572561864,
1.268218994,-0.011180957907149569,0.011372215753269382,0.008174543554449798,
1.273193359,0.017874081330530367,-0.004305547709884491,0.010372642656060194,
1.278198242,-0.0029370630605757286,0.00995888214459241,0.01596412974984851,
1.283172607,-0.0080991621672106,0.01946612915317393,0.007021792081129519,
1.28817749,0.016506510109981498,0.013656399416289142,-0.01928491008509603,
1.293182373,-0.00786412784951479,-0.01397722421696869,-0.009678416349327534,
1.298156738,0.007112018032888162,0.015637068282675054,0.009493595045537262,
1.303161621,-0.00771370588618947,-8.936656863599568E-4,-0.0038919403698205457,
1.308166504,-0.010003972521451576,-0.029450284111587968,0.008373264110392853,
1.313140869,0.005412349326588739,0.007079421148229625,0.008615115194565703,
1.318145752,-0.005252640069978998,0.0018427361373337045,-0.008427732063097437,
1.323150635,-0.009951623774733187,-0.00810833062138304,-0.00865868955672866,
1.328125,0.0035377244177134393,-0.016056976997106426,-0.008843455551632573,
1.333129883,-0.008668843903329226,-0.0013587651914351434,-0.0013252527225553479,
1.338104248,-0.02033839543516336,8.29491753101888E-4,0.018092629853205366,
1.343109131,-0.01052120462938072,-0.0012529105037684951,0.006808088257564293,
1.348114013,0.026055692546495424,0.008580191128235201,-0.00987335361269892,
1.353088379,0.0016917220059463334,-0.0027183666286618446,0.0016838366410905081,
1.358093262,0.005186385417257078,0.02081114654082053,0.005167870094123117,
1.363067627,-0.0073499151036943156,0.0032455969201564266,0.007967303887799204,
1.36807251,-0.003963428176705475,0.002596477536125144,-0.005112973296011347,
1.373077392,6.622652711356092E-4,0.009730990622650114,0.01697895730069021,
1.378051758,0.008195827841908476,-0.0075350317206299075,-0.007486170096948186,
1.38305664,0.002723654461026792,-0.011777537095253927,0.003581376422442162,
1.388031006,-0.007403595962428566,1.6048985504685254E-4,0.00861461285670373,
1.393035888,-1.7336505119286416E-4,0.007782200477787486,0.001142178566613694,
1.398040771,-1.3869204095429133E-4,-0.022497384149020014,9.137428532906E-4,
1.403015137,0.011375862773486567,-7.615791942160166E-4,0.01223001772013177,
1.408020019,-0.011956438687460769,-0.008275278980372808,2.0149464485541557E-4,
1.412994385,-0.013398158762468637,-0.0027872153717982406,0.003994203528383977,
1.417999267,0.014171609708775068,0.018839563640061403,-0.0025541488960421077,
1.42300415,0.019003303392020054,-0.025150517056700877,-1.268152105833309E-4,
1.427978515,-0.0039501893176339675,-0.012454398020360705,-0.011588268574715954,
1.432983398,-0.008909663172857185,0.0034398018962114307,2.996976402265261E-4,
1.437957763,-0.009044234444535781,0.010417857141969147,-0.01699657001281807,
1.442962646,-0.009139684430628625,-0.0012482338176746793,-0.00784774429150481,
1.447967529,0.013745381361747078,0.004750924664610259,0.0032921170667954414,
1.452941894,0.01099630508939764,-0.0019487719870617953,-0.012686130565313647,
1.457946777,0.003059739384018101,0.0041904941291005665,0.016669943203998727,
1.462921142,-0.0013852163052855138,0.007185403115780448,0.009502946750698626,
1.467926025,-0.014511493356728411,0.001915314680124361,-0.01921649025569039,
1.472930908,-0.009692690779132707,0.02643459549409949,-0.005790672673301245,
1.477905273,0.01713598409544384,0.009648652957779592,-7.995303261409958E-4,
1.482910156,0.007971482588855078,0.0038859145537236753,0.026167016364087914,
1.487884521,-0.005121837366415943,-0.02178140507577106,0.009446796685020686,
1.492889404,-0.013667782393132766,-0.015520827185616856,-0.011595394683233451,
1.497894287,0.015872414710493776,-0.01050015784224348,-0.00927631574658605,
1.502868652,0.00696062708089501,0.016502217476205214,-0.017003572128517774,
1.507873535,-0.004014017866533992,0.018951285699714174,-0.00976984989031493,
1.512878418,6.217935192728286E-4,0.007495012934771339,0.030489784150248056,
1.517852783,-0.0033355729970817316,-0.0035743021521829343,-0.013913836742300845,
1.522857666,-0.004584962303915391,-0.014358465159246346,3.67954043658969E-4,
1.527832031,0.005914549688117693,-0.0057372604086470755,-0.026524484421322825,
1.532836914,-0.004850879780755851,0.00499271120433234,0.00750355699419103,
1.537841797,-0.009630215543354664,1.611611509658717E-4,0.007919349501602113,
1.542816162,0.00954436272156628,-0.009453590610477305,-0.033886688367468665,
1.547821045,0.009539787052253001,0.0039361509491181584,0.009292016493525068,
1.552825928,0.005727532766802407,0.00888622544679453,0.00551710928857041,
1.557800293,7.490184009419365E-4,-0.008210843861314376,0.008234488212107038,
1.562805176,-0.0032337930917464563,0.0010973405359484961,0.056392278069685275,
1.567779541,-0.014073850879647187,0.0085316810225088,-0.004690865044251424,
1.572784424,-0.007438279922467761,-0.033396823150742966,-0.007573492816650429,
1.577789306,-0.0021176161254741754,-0.011385427270594384,0.011177533871679302,
1.582763672,0.004055418818370682,0.011960994121024485,0.012775034909843441,
1.587768555,-0.002505176664053449,0.03063813123431959,0.010220027927875464,
1.59274292,0.011399178981257252,-0.008057854387544333,5.100067173007261E-4,
1.597747803,0.0014655345912558126,0.001219732114964539,-0.00725801025116013,
1.602752685,-0.01032659576449535,0.006713090379471626,-0.011543712888428814,
1.607727051,0.012808059325903703,0.005370472303577303,-0.009234970310743051,
1.612731933,0.002592638866972974,-0.014856454188388157,-0.007387976248594441,
1.617706299,-0.011341416250171626,0.014933684305539471,0.001743427594874447,
1.622711181,-0.010977429875137279,0.008113939631931577,-0.021591097767849732,
1.627716064,7.883685998901768E-4,-0.01649468813820474,-0.013439870401779075,
1.63269043,6.306948799121304E-4,0.0059570815206862054,-0.018405704915172905,
1.637695312,-0.005244955814820318,-0.002888143377201037,-0.008987259244637613,
1.642700195,0.005386554879393768,0.003438997016989173,0.008142223854289199,
1.64767456,0.01962906812226503,-0.020234642230158667,0.01416758767718207,
1.652679443,0.002299934185312047,-0.014271209877876945,0.003680261547994945,
1.657653808,0.0037564512544996376,-0.009512671027301564,-0.0047218063866036886,
1.662658691,-0.00657735852765029,-0.011430937603091246,-0.0018609412030325956,
1.667663574,4.8762489662979025E-4,-0.012977757894972991,0.002344254850074279,
1.672637939,-0.009192419613946179,0.00877062571527161,-0.013456627369940577,
1.677642822,-0.009270439597406976,0.01468251619721729,0.044788897322797894,
1.682617187,0.011736480353324419,0.004079997332773838,0.003262758483238315,
1.68762207,-0.004014136029840465,-5.690099462809239E-4,-0.006960105713408993,
1.692626953,-0.007044316636372394,0.014864616261725264,-0.0055680845707275495,
1.697601318,0.0345867146596521,-0.022580963240619784,0.005115844843418316,
1.702606201,0.008516539696471676,0.00492106925125417,-0.009310644437764637,
1.707611084,0.0029802239446773404,-0.0037291602239966637,-0.013198027268961354,
1.712585449,0.010050194780741872,0.020002511664552663,-0.018212230408918728,
1.717590332,-0.018778691831656508,6.82185112892128E-4,-0.003082967920885693,
1.722564697,-0.005440433934075201,0.004378755902813697,-0.010132389961707844,
1.72756958,-0.01201836277226015,0.011156813316000963,0.020629439593133014,
1.732543945,-0.003865178499058125,0.01275845846530077,0.014587047768257477,
1.737548828,-0.006925150611746478,-0.008946065259009386,0.013586142120855627,
1.742553711,-0.015110432989397182,0.008162972011542494,0.005119401977934146,
1.747528076,0.01663479813973226,0.018029401046734,0.004095521582346606,
1.752532959,0.005654029918035791,-8.963033813627966E-4,-5.56590546622715E-4,
1.757507324,-0.003142791690571356,0.0011872541699097655,-0.02725191306229746,
1.762512207,0.0051517822725428986,-0.023940333382822185,0.0031008133001613203,
1.76751709,-0.0035445898069656756,-0.017235762800007742,-0.007101868891121299,
1.772491455,-0.004752175751822546,0.024517053822493806,0.015387840824603316,
1.777496338,-0.003801740601458048,0.010031123526745046,0.010393768753433008,
1.782501221,0.008457630956333562,-0.014960941022353964,0.006398511096495696,
1.787475586,-8.999108599331562E-4,0.009100583119616833,-0.014034023154053443,
1.792480469,-0.014123249000446536,0.016862986026943465,0.023245437726757245,
1.797454834,0.011675033612142782,0.009657381009054777,0.012859045493906152,
1.802459717,0.005519226108464226,-0.0037609115990061767,-0.003128290948625434,
1.807434082,-0.009000146456978608,-0.006841737091704936,-0.019738960883900702,
1.812438965,0.011952714865667097,-0.011222901392113946,-0.03302749683212092,
1.817443847,0.011478675798783672,-0.0032288093949411623,-0.0015196537156967338,
1.82244873,0.0015291320452769375,-0.010249063140952933,0.016020605152442968,
1.827423096,-0.012192221707528428,-0.012032258325262349,0.00898347630945473,
1.832427978,-1.7125783477273115E-4,-0.021112623066459876,-0.01196605098368586,
1.837402344,-0.009719525799068207,0.002262733578082099,-0.0019068251619493992,
1.842407226,0.0037234027982454565,0.02671253061246568,-0.02067829216080952,
1.847412109,-0.012341101980153646,-0.020768647385027456,0.004526702208853095,
1.852386474,-0.011789385490372895,6.214102169780356E-4,-0.013627173389167524,
1.85736084,0.005888315826451662,0.0062466398923324284,-0.016639043398834374,
1.862365722,8.776448486613186E-4,-7.521998048840572E-4,0.005841597312182145,
1.867370605,-0.001214388027320934,-0.0025182637501572486,0.008506285662246427,
1.872344971,0.0028614973906432306,-0.0020146110001258016,-0.016180811313953214,
1.877349853,-0.014947130212485393,3.0481510614935314E-4,0.008124686886336718,
1.882354736,-0.010041200263738337,-0.0035891557275805203,0.019903069821570085,
1.887329101,0.007286864007759297,0.01053199573043559,0.015922455857255713,
1.892333984,-0.007573829106292562,0.008425596584348466,-0.004498363439195074,
1.897338867,0.01117726483996595,-0.0028298352325212273,0.004067324873643585,
1.902313232,0.02234513218447276,0.0015691396264830154,-0.002495651819835132,
1.907287597,-0.01084703878367177,0.014658632013686411,-0.01731634567461704,
1.91229248,-0.025926166183187382,-0.011258934232800874,-0.008115771852192921,
1.917297363,0.025230746740950105,0.010145684645009305,-0.025645449513003626,
1.922302246,-8.847385447399159E-4,-0.00337026869024256,0.019705808358347454,
1.927276611,-7.077908357919216E-4,0.004957593641555957,0.023430662311678674,
1.932281494,-0.010136545168633548,0.0039660749132447715,0.01491152203684365,
1.937255859,0.016780900583843156,-0.0063974525694041814,4.424012232249197E-4,
1.942260742,0.0057709118733245135,-0.012783977680523348,0.01375724129107958,
1.947265625,-0.0030492861263403948,0.007009145980581319,0.03207512897036402,
1.95223999,-0.0024394289010723214,-0.023115827746784945,-0.006896049167458784,
1.957214355,-0.003868047027107857,0.008326185458822036,0.005969977072282973,
1.962219238,-0.0069274454341862746,0.029634581179557626,0.006692485564077089,
1.967224121,0.015527379590150964,-0.010764991306353902,-0.01571534748623904,
1.972229004,0.01625491148462077,-0.0066954891388331175,-0.008739270176491232,
1.977203369,-0.008065406749803383,0.011879936813933505,6.623924525577252E-4,
1.982208252,-0.010285333212342707,-0.0038993708613531963,5.299139620458249E-4,
1.987182617,0.007103764680125829,-0.0069525045015825584,-0.01681239695536263,
1.9921875,-0.0077325155996493256,-0.020881827820016047,-0.003867398033040814,
1.997192383,0.007229514864030534,0.006280377587737168,0.01797541751106735,
2.002166748,0.003867107984974416,-0.012224233086060271,-0.018188025366145055,
2.007141113,-0.002655825330770467,0.0017196369686517804,0.004602411738334311,
2.012145996,-0.005957668077116396,0.0013757095749214188,-1.3887139058255116E-4,
2.017150879,0.01821970538205689,0.0011005676599371295,0.005626207575033959,
2.022155762,-0.012243083350604478,0.016200278346699702,0.015999989497526457,
2.027130127,0.005537564569516401,-0.019595929666390247,0.010883487691771165,
2.03213501,0.002513547749363132,0.0034760882981378083,-0.0027922332840830677,
2.037109375,-0.0037386735192594944,-0.0010521371739897617,-0.034789938971016454,
2.042114258,-0.025976778659157596,-0.01424503005169181,0.004724201166936837,
2.04711914,2.8791301017394577E-4,0.011589815802396555,0.021027896089799825,
2.052093506,-0.0016861734981108434,-0.01179748329558275,0.0014902856218395044,
2.057067871,-0.0032654427047386636,1.323258635338026E-4,-0.019877107440027686,
2.062072754,0.005053661461209058,0.013509181003327042,-0.013985182045772149,
2.067077637,0.009792440887717246,0.006986544021411634,-0.020758458136617364,
2.072082519,0.019320769116423803,0.01707605162337931,0.0236154014594554,
2.077056885,-0.007529224550610947,0.004090528798703447,-0.00792652648868497,
2.082061767,-0.013677188234238746,0.0013559191327127615,0.012811610840302023,
2.087036133,0.010127585350108992,0.0010847353061702106,0.010249288672241619,
2.092041015,0.0023525565613372046,-0.012547739098813834,0.027352262969042584,
2.097015381,0.007631556967819753,-0.015775495966551062,-0.010674341968515577,
2.102020263,-0.003477273956994209,0.004615931351759153,0.016362870175187894,
2.107025146,0.02595353239690465,-0.013543583043592683,0.005424280515150315,
2.111999512,0.007347298573773725,0.006401461690125856,0.0024229205058698966,
2.117004394,0.00204483104651898,0.008954177164600688,0.003854840310946628,
2.122009277,0.001635864837215173,-0.006252185612069444,-0.004582143376243408,
2.126983642,-0.004428612817727884,-0.0011687406771555553,-0.005582218607244727,
2.131988525,0.0041109183395676985,0.012468327770775556,-0.004465774885796137,
2.13696289,-0.01586409735959582,0.027223197372870447,0.030912243372613446,
2.141967773,0.07925208148732335,-0.30001099288295363,0.7429915134480911,
2.146972656,-0.33883222152889136,-1.7435610404001132,2.9694420388834715,
2.151947021,-2.2400477108168633,-3.5956056682575905,3.519022869388028,
2.156951904,-2.1827730319347407,-2.4340284799185725,-2.959598599020829,
2.161926269,-0.1832911794540426,0.38760387622139203,-8.912466476872913,
2.166931152,0.874265493936766,1.4209839798833637,-7.110820349467081,
2.171905517,1.279759074836913,1.161689527656691,-2.7351772756674153,
2.1769104,3.4409947598695307,-1.1354066786558974,6.890678980247317,
2.181915283,8.355225007114376,-2.2184327647997177,18.581049043572854,
2.186889648,5.7877932869415005,3.281808963941476,9.838935914545786,
2.191894531,0.4489968365844508,5.496577542246931,-5.689617869925872,
2.196899414,-1.6136174721386896,5.061886057235045,-9.520139120159449,
2.201873779,-2.1125858722422017,6.223446834069287,-10.66728317112756,
2.206878662,-2.6898855923250116,7.99162367819293,-12.127039427527048,
2.211853027,-4.70891530979751,6.592493278491844,-7.648360057646639,
2.21685791,-6.948553146275508,1.7018388610747248,2.3050668366951887,
2.221862793,-5.449662829520406,-3.09940537598397,9.448032961543651,
2.226837158,-2.3945691308038253,-4.896699593755926,9.908572853609922,
2.231842041,0.7332826836381896,-5.334730280473491,5.739516974294187,
2.236816406,1.7339283930043017,-5.053086958753793,1.3967893606853483,
2.241821289,1.4963224019034413,-4.551954430284285,-1.073730620826721,
2.246826172,1.1434324332415031,-3.541966376258678,-2.7015626216613757,
2.251800537,0.6408445794057025,-2.529032085381943,-2.6860669918603506,
2.25680542,0.267509647899562,-2.1572954925243044,-0.5418589645820298,
2.261779785,0.2810487339446497,-2.2161684252694434,2.2786588244281276,
2.266784668,0.6768653543432199,-2.439487474590555,5.2322776454800035,
2.271789551,1.5010870100370761,-2.805838026547444,8.798004733571503,
2.276763916,2.461172342404661,-3.0261401478004553,9.844409646232203,
2.281768799,2.976420784079979,-2.4860244229278647,5.347256232610764,
2.286743164,2.4500941467952333,-1.3433483469360414,-1.5449000920363893,
2.291748047,1.5157027588424368,0.03431790448241667,-6.7540719290978615,
2.29675293,0.5536754883239494,2.0385871360859333,-10.35254953546579,
2.301727295,-0.20828031246584056,3.758836017462497,-11.658821854935132,
2.306732178,-0.7354841132539225,4.602564419438748,-11.106427601135607,
2.311706543,-1.076802817946888,4.360078879300999,-8.911960928564735,
2.316711426,-1.3594403012325105,3.1720352714095488,-5.578128313164289,
2.321716308,-1.6678989206735084,1.5492981390026392,-2.367092494281431,
2.326690674,-2.010442183413807,0.11512210495211134,1.0406521764498553,
2.331695556,-2.428129137356046,-1.043705538694561,5.247438733347384,
2.336669922,-2.7565291887910868,-1.631753981736899,9.875075010115408,
2.341674805,-2.4120837025953694,-1.5907913689832691,13.527391551061076,
2.346679687,-0.8532387394200458,-1.0945080951866153,13.652821443973862,
2.351654053,1.5794573483077134,-0.2895102847430422,8.73491584658534,
2.356658935,2.357230429427421,0.17062565892431625,1.0905327749245224,
2.361633301,1.6808404958856868,0.502333046670703,-4.448447803497881,
2.366638183,1.0956733732710495,0.9132678045240625,-6.899151309204555,
2.371643066,0.8458990501793398,1.0102529154942501,-7.377218996582394,
2.376617431,0.6882060565497218,0.9384513558329002,-6.780925587890916,
2.381622314,0.6520785171147775,0.7450115729475701,-5.786739982031483,
2.38659668,0.6442458215043221,0.3048715630455562,-4.441696673125186,
2.391601562,0.20702263376595764,-0.07979659721980509,-2.3294315572501487,
2.396606445,-0.2940620687684839,-0.11937926996334408,0.14183805498113067,
2.40158081,-0.6393878386085372,-0.08018359175192527,2.632171615859905,
2.406585693,-0.8371328294805798,-0.06223036949529023,4.747009265344174,
2.411560058,-0.7750407362407139,-0.003812615908732192,6.0615722560253396,
2.416564941,-0.5951424522738211,-0.2558821239769858,6.094240714976522,
2.421569824,-0.33819892275655694,-0.5207457382440887,4.379311029012467,
2.426544189,0.010996037576004425,-0.6445140710640209,1.2892886669599726,
2.431549072,0.11797651756080352,-0.3700546162262167,-1.475771214869523,
2.436523437,0.18056285467364286,0.15598267420652662,-2.8431535929893688,
2.44152832,0.2689497954576643,0.4503964909277213,-3.3643666243914954,
2.446533203,0.2841173558973814,0.4829002005546771,-3.404005506544447,
2.451507568,0.40733538862415514,0.4782635198187417,-2.8362048935168076,
2.456512451,0.46952065464932413,0.3347226322612434,-1.7173403796571964,
2.461486816,0.18982550809445933,0.14519509799649472,-0.17677757716325715,
2.466491699,-0.056916448993182545,-0.05813591379030422,1.145699520300644,
2.471527099,-0.267713334975796,-0.2974242583759934,1.8282783662405144,
2.4765625,-0.2677961562618868,-0.3586059106070447,2.042981579711162,
2.4815979,-0.2678746203220094,-0.3194408808293858,1.6592754004876795,
2.486663818,-0.28899452047635754,-0.17894137653850867,0.8792269610151422,
2.491729736,-0.06072442497483599,-0.016737085605806945,-0.1221311265003866,
2.496765137,-0.01602338763611877,0.16856833932785445,-0.7757444519815593,
2.501831055,0.10211048910985498,0.2785070152122836,-0.8906639209602485,
2.506866455,0.23682755144413403,0.20939008482607688,-0.8293646328619495,
2.511932373,0.13392004896780724,0.060261091298361505,-0.48153369847705996,
2.516998291,0.10330303136174579,-0.0226651503988108,-0.055783599406648676,
2.522033691,-0.007384430379353379,-0.03536844844404864,0.14498493688093106,
2.527099609,-0.0786858646159827,-0.10873909469273892,0.25581949247349556,
2.532165527,-0.055294883099036185,-0.06400543591044114,0.1376145783537961,
2.537200928,-0.08445807444797898,-0.028218508884602915,-0.03547718497321384,
2.542266846,-0.021594779870883207,-0.00342197507643233,-0.02263223625982036,
2.547302246,0.09382036750954342,0.08919357228260413,0.08340788286714407,
2.552368164,0.14018080572638475,0.031132689857333314,0.2122951539499649,
2.557403564,0.06808946879985783,0.01724013626086665,0.3498776270662223,
2.562469482,0.06212538363363626,-0.0015277152100566793,0.2722360860279789,
2.567504883,-0.04031434153059099,-0.07016748466804534,0.0875520524161324,
2.572570801,-0.14909717634947278,-0.01591181976568628,-0.06404038931709444,
2.577636719,-0.06564004576707827,6.738644999509762E-4,-0.29448182317242555,
2.582702637,-0.13870588426991265,-0.026279756056289218,-0.39647413041294044,
2.587768555,-0.0573392191346801,0.013461058436218625,-0.38613682386160164,
2.592803955,0.04223897625475592,-0.002646680594775099,-0.293589634870532,
2.59790039,0.020387860691304716,0.011298182867929921,-0.09121936414642562,
2.602966308,0.10250413620929377,0.03010788223184394,0.08600888368285986,
2.608001709,0.03219862146743502,-0.02380187780827485,0.1454184350712886,
2.613067627,0.035341416705198025,0.017347657909630124,0.24083425977578088,
2.618103027,0.02060711773915841,-0.016761522109795902,0.24437639219562435,
2.623138428,-0.0716246573711733,-0.015325721594086725,0.23190248094399912,
2.628204346,-0.001757733709438658,-0.006523272587769378,0.17018995350519894,
2.633270263,-0.047365659623800904,-0.030108754788965506,0.0518746190541588,
2.638336181,0.029136280894709266,0.03528799616882759,-0.02936212116292225,
2.643371582,0.02905853643451739,0.005244557091312076,-0.12117036099283851,
2.6484375,0.02324682914761389,0.029097989423049662,-0.15249048801302045,
2.6534729,0.09138799066184111,0.04051471966343973,-0.13347920681666636,
2.658538818,-0.0015966387205271215,-0.03271273598799822,-0.12210318967208345,
2.663604736,0.01595901714857828,0.0025651627721014264,-0.02873723923766569,
2.668670654,-0.029371458156137398,-0.02285021353231886,0.0325644078286178,
2.673736572,-0.050303807149909896,-0.01444716301335509,0.11223316688789353,
2.67880249,0.007632930842572105,-0.0019874179106840716,0.07063370147906411,
2.68383789,-0.05135215141969229,-0.02265927026604726,0.075659793214502,
2.688903808,0.004889958551746176,0.03167727128716219,0.027971682227851957,
2.693969726,-0.005670552689853059,0.017675801404729755,-0.04466366984271808,
2.699005127,-0.03325958668313245,-0.001179183094966195,-0.05680027181167446,
2.704071045,0.019364010340994053,0.012459973836527045,-0.09331619401183922,
2.709106445,-0.011327639383454768,-0.022588173274528365,-0.10722131458447137,
2.714172363,0.002424704899486152,0.004915301224127309,-0.08194404385507603,
2.719238281,-0.0095470524866611,-0.013304087145698154,-0.04640240305281118,
2.724273681,2.8373635671152808E-5,0.010413859189691477,-0.0026492661922485894,
2.729339599,0.03832836297103692,0.02174661469550318,0.026615938608701484,
2.734405517,0.0057603466268295045,-0.0017555402748474546,0.0634314227619619,
2.739440918,0.02951062105146357,0.008165880280122037,0.06414845852206952,
2.744506836,0.012109473403670856,0.0065327042240976305,0.0858036300989049,
2.749572754,-0.017119061902063304,-0.004344149120721896,0.09928255251662321,
2.754608154,0.015027895009599335,-0.028377663046577517,0.07750953810704964,
2.759674072,-0.012880027742320554,2.837094064879857E-4,0.052437317985639,
2.76473999,0.00502800905614359,-0.007439048099809612,0.007464991107260843,
2.76977539,0.02125873536991485,-0.023187566604847692,-0.0035983196141913254,
2.774841308,0.015090484389681913,0.015922602966121847,-0.02011498381635235,
2.779907226,-0.028149780457004447,-0.021734573877102523,-0.08313300267808188,
2.784942627,-0.020603320459353536,0.005598180742067985,-0.06842290604871515,
2.790008545,-0.02223216808623285,-0.012757783531345615,-0.07964066858897212,
2.795074463,-0.012036222750236303,-6.359143250764913E-4,-0.0675455426836784,
2.800140381,-0.028781810231439053,0.02247710838368881,-0.04062090680319308,
2.805175781,-0.02877495990390122,-0.014574465636798956,-0.030580221536304464,
2.810241699,-3.4128079370976394E-5,0.007493259521810836,0.008091975114707495,
2.815277099,0.0038057053490032078,-0.005504415820051331,0.0696815879042667,
2.820343017,0.029851204904202566,-0.010140837343541063,0.07681460626091408,
2.825378418,0.012394147517112042,0.0033741465314171513,0.05378566938373197,
2.830444336,0.007998814107439634,-0.008787499181116279,0.0066393753507352216,
2.835510254,-0.010837276839048338,0.027442656905106978,-0.0215073473756604,
2.840576172,-0.008669821471238681,0.006634301305335585,-0.05167853415052903,
2.845611572,0.019882990479259066,0.00914044885676847,-0.039426323414172515,
2.85067749,0.006323872852157242,0.0015628473666647758,-0.020054242325088012,
2.85571289,-0.016010237655774195,-0.03705538616916818,-0.04285003448507041,
2.860778808,0.02358097003163062,0.018231667627165455,0.021261964599442962,
2.865844726,0.030363799462804486,-0.017970818242017638,0.05531523574205366,
2.870880127,-0.02551364792975641,-0.0067106389686141105,0.05000170031239293,
2.875946045,-0.007007598031305129,-0.005368511174891288,0.05340468056241576,
2.881011963,-0.020925902643794125,-0.015793832377413032,0.07145909601243261,
2.886047363,-0.02822753852128529,0.023754094254319576,0.0648210854036968,
2.891113281,0.02529394574547178,0.0036834511847056613,0.011634700354207439,
2.896148681,0.025984668315127413,0.014445784385264528,-0.006012063935383338,
2.901214599,0.0035514065271019524,0.009640123601961623,-0.052697834742057026,
2.906280517,-9.918825908184492E-4,-0.026772764399680703,-0.05172858029364491,
2.911315918,0.016442822052345263,0.005400636136505436,-0.08160503220366522,
2.916381836,-0.0098315822018738,-0.00908281140329565,-0.09784017810668111,
2.921417236,-0.00976956263649903,0.027206407127363483,-0.0763678456103456,
2.926483154,-1.6184151544923475E-4,0.017932117889390788,-0.04576224523827577,
2.931549072,0.003703534600140612,-0.010556649438487371,0.03808502802812974,
2.93661499,-8.70180132387488E-4,0.006886711699210103,0.057286870078755214,
2.94165039,0.005053367612839976,-0.005989654078131918,0.03624697653175346,
2.946716308,-0.015110137940978041,0.020110620487494468,0.07496926091290312,
2.951782226,0.005148217772217578,-0.006897343453754427,0.050392889199072144,
2.956817627,-0.011201250000975937,-0.011267386481753542,0.011591166828008426,
2.961883545,-0.003223695313280761,0.021637946283347167,0.02650926158740674,
2.966949463,0.0012540515618754133,-0.02291181094207227,-0.0017784305738235417,
2.971984863,0.0010032412495003529,0.006572894996342185,0.004326767259691167,
2.977050781,0.008468608624600249,-0.017727523846676252,-0.019524426035996356,
2.982116699,0.004858382993430221,-0.006528210483591,-2.997166100477955E-4,
2.987152099,-0.007600110011505845,0.0024434472381272,0.005509738430712119,
2.992218017,0.007323232303295291,-0.01336506642824824,-0.0051747287866810154,
2.997283935,-0.0018074297823637564,0.019947595294901407,0.013108752126905543,
3.002349853,-0.007183248513391027,-0.007027763607828877,-0.0029285256422255657,
3.007385254,-0.0019257980294628552,-0.009443011667513102,0.007239699017469903,
3.012451172,0.019528697513929716,-0.0037336085527604826,-0.011444568911024078,
3.017486572,0.007969149417393795,-0.004891183717208387,-0.01873817466006855,
3.02255249,-0.018527024216084986,0.00182435771373329,-0.013074035821805552,
3.02758789,-0.010988611560368011,-4.570177352633681E-4,-0.0468483888136948,
3.032653808,0.010361942782955602,-0.017601942313210696,-0.018325879019705837,
3.037719726,0.00828955422636446,-6.66026506818556E-4,-0.02041021493451467,
3.042785644,0.018118459787341556,0.018620010825795154,-0.023994187572611736,
3.047821045,-0.023810896232626777,-0.008089831183113877,0.0037904897856613218,
3.052886963,-0.005645396673601422,0.0203347756785089,0.006865399641029057,
3.057922363,-0.021752645463881115,-0.004801515394692882,0.005492319712823601,
3.062988281,-0.005903092933604914,-0.015328028722004308,0.008226863582759592,
3.068054199,0.010597349871866057,-7.756065713534488E-4,0.02573432289745803,
3.073089599,-0.003008936508757165,0.012795042086667242,0.05697661847421642,
3.078155517,-0.002407149207005743,0.006403025856833795,0.026428462748123493,
3.083221435,-0.015341246709354606,-6.270910332829664E-4,0.011572457698498795,
3.088256836,0.01646235419501635,-0.0024181767328763717,-0.025226897122450964,
3.093322754,0.03615572319976307,0.001898466426198904,-0.02018151769796006,
3.098358154,0.011688250434810477,-0.004230738577790875,0.012590137404131951,
3.103424072,-0.00214842308965163,0.0176847450752673,-0.02823355413919515,
3.10848999,-0.001718738471721326,7.444757477138401E-4,3.989965323931699E-4,
3.113555908,0.004374520941372917,0.008261596223171073,-0.020750138711584043,
3.118591308,-3.3339105940166647E-4,-0.01254355505271314,-0.0031967906567675897,
3.123657226,-0.007932728472521355,-0.008118340135920513,-0.01596075283791265,
3.128692627,0.005152840659482905,0.0030756403912635885,-0.01085209836407941,
3.133758545,-0.015030559503663665,-0.00902630409323913,0.025790977558736827,
3.138824463,-0.010107943696680943,0.010015284850408694,0.007229461734489462,
3.143859863,0.0034004614489052676,-0.009224100244673045,0.026852905325091214,
3.148925781,-0.004945646465875808,-0.0016419755082384344,-0.005336523396175963,
3.153991699,-0.011610325766450658,0.00443593131215925,-0.010018730435691126,
3.159027099,2.820518868394406E-4,-0.011771079169022602,-0.0041819765360529,
3.164093017,-0.009344670990528492,0.013568976508531921,-0.03781823747884161,
3.169158935,0.007844087426327195,-0.010214154730674462,0.008051074079427067,
3.174194336,-0.001390745683938266,-0.004338315972039569,0.033247499888542364,
3.179260254,-0.008766405140900657,0.011849171441118349,0.003624367098334247,
3.184326172,0.025543028231029496,0.007562833246644678,0.03928865383491775,
3.189361572,0.012780613991073608,0.017537083003565743,0.002695571505434202,
3.19442749,0.014045291974108864,0.008292361715352596,0.021309289235597717,
3.199493408,0.0016659210792870915,0.006633889372282079,0.024713447013478884,
3.204559326,-0.015903591261570316,-4.424002209243369E-4,-0.007048090045465472,
3.209594726,-0.014639376915506264,-0.008019935801739469,-0.017125288442622733,
3.214660644,-2.246851261550331E-4,0.020402899014858426,-0.02711575809784783,
3.219696045,0.00748626752407594,-0.00474701672561326,0.012792256802971025,
3.224761963,2.3950230051072996E-4,-0.005714117286740608,-0.02233455393262318,
3.229797363,-0.01321171847209146,-0.004571293829392486,0.012784212322651811,
3.234863281,-0.0029155661839231906,-0.01132305068851399,0.00256135423312287,
3.239929199,0.01873688299036147,-0.0033089288320611934,-0.030507068957252415,
3.244995117,0.007335697798539154,-0.012217455565648957,4.966885841977131E-4,
3.250030517,1.1904652008132288E-4,-0.005953163671269166,-0.03217100850764254,
3.255096435,-0.007570778408934942,0.004819988594234669,-0.025736806806113677,
3.260131836,-0.007960919602147953,-0.02104635287461227,0.010062410023859769,
3.265197754,0.003201576818281593,-0.007254562768439818,3.8391239408852584E-4,
3.270263672,0.0044777653608752965,0.01908648650399815,0.0022236338215222418,
3.275299072,0.011248227913700226,0.01526918920319852,0.026681250807218504,
3.28036499,-0.021653273137789808,0.016048359175058816,0.007929473302024093,
3.285430908,-0.019239122416481846,0.0032683748400470537,0.027412914579119985,
3.290466308,-7.147371443549932E-5,0.004531203778287644,0.016193026975797054,
3.295532226,0.0056923327472016005,0.020861291147630114,0.014870925486887288,
3.300598144,7.208583852612582E-4,0.012856025105604093,-0.0034352908604908805,
3.305633545,0.006326198426959029,0.012201323990733275,-0.031471377219641994,
3.310699463,-0.004509353758432755,-0.028544604869913382,-0.009857277556964306,
3.315765381,-0.005523986912996215,-0.013265371395930706,-0.0059693181393214445,
3.320800781,0.01281713859460304,-0.0029462814917445655,-0.006691958417707866,
3.325866699,-0.0050661133430675576,0.0014759826191043483,0.019548777015835128,
3.330902099,-0.015551914111954057,-0.006485229529716523,0.013722517706417747,
3.3359744,-0.023928347695813257,-0.01859150393627322,-0.004341810053615447,
3.341040318,0.0019266577808493834,0.011933437475981424,-0.020721983199141647,
3.346075719,0.016861150443429507,-0.001940066425464862,0.008324757190687038,
3.351141637,0.0058229047297436165,0.00419745857837811,0.004743301846300341,
3.356207555,0.010407835502544871,-4.750409497975127E-4,-0.013441686647960083,
3.361242955,0.006409764495785897,-0.017616360884838013,-0.02990618134961842,
3.366308873,-0.0044425009033712826,0.0012267355108795883,-9.391052359433161E-4,
3.371374791,-0.005470504628947048,9.813884087036713E-4,-0.004584292001254653,
3.376410191,0.01860943614059235,-0.008785201773037064,0.002082078117746633,
3.381476109,0.00722153328747388,-0.008944665324679652,0.02465150233794766,
3.386542027,0.007693730536229126,0.00624758805275628,0.01588819405785813,
3.391577428,4.054727102332789E-4,0.014568382942205027,-0.016024796316212786,
3.396643346,-0.022661461675563377,0.004000897760014022,0.002512194197029416,
3.401709264,0.010606182222049287,-6.322896044887831E-4,0.03456590770137424,
3.406775182,-0.010667886253610592,0.026313015972658976,0.016165909754850105,
3.411810582,-0.020033332440388518,0.00571838152812718,-0.010053112039869916,
3.4168765,-0.0045276425148108035,-0.0030791033712482575,-0.011875497444394867,
3.4219119,0.015530718019401368,-0.013962306134498607,0.005819426263235172,
3.426977818,0.0028420548842710835,-0.014990645688848888,8.225331980877826E-4,
3.432013219,0.004190147813666889,-0.0043387079573291125,-0.006995782035279063,
3.437079137,0.0091016299696835,0.01184885785288671,-0.013262641253223961,
3.442145055,-0.002301215555503222,-0.007757241842690631,-0.010610113002579524,
3.447210973,0.011574554899347445,-0.002372785661652506,-0.019974906808313264,
3.452246373,-0.017559203736772055,-0.0038147324355720068,0.03189605111584903,
3.457281773,-0.019796874708167655,-0.0030517859484576054,6.14497142679582E-4,
3.462347691,0.0013988283584658867,-5.24924852516085E-4,-0.010995218692105624,
3.467413609,-0.012284257625727324,-0.0023364437882628687,0.018022672702565856,
3.472479527,-0.00982740610058186,-0.003785658936860295,-0.01815022121294696,
3.477514928,0.003637098557034535,0.016124304881761763,0.008465662873392787,
3.482580846,0.01822950306437765,-0.004336884219590591,-0.00471428610753577,
3.487646764,0.02033311417025213,-0.020705835500672475,0.017297907051471384,
3.492682164,9.344600862016827E-4,-0.003161348088037981,0.0061723100161774624,
3.497748082,-0.008822744431038643,-6.125745641803841E-4,-0.01229848011205803,
3.502814,-0.008974699451080925,0.0071759559736556955,0.0016480323166039312,
3.5078494,0.017722584189135304,0.01722758118517456,0.012817449290782434,
3.512915318,7.625400075582656E-4,-0.005370767083110354,-0.001245064004873342,
3.517981236,0.008276047631046612,-0.010033918353988282,-0.008649859797648318,
3.523016637,8.713263860872789E-4,-0.011860142495690628,-0.005003383931867944,
3.528082555,-0.014622763109880199,0.013497725847197498,-0.013585226676744,
3.533148473,-0.007865202675404137,-0.014104163072242,-0.005118669622644845,
3.538183873,0.0186101816096767,2.034859484564E-4,0.009308384614385545,
3.543249791,-0.006181190649758639,-0.00940752374123488,-0.009789620433490853,
3.548285191,-0.0011241517385569,0.005877301319512099,-0.0020821846280423273,
3.553351109,-0.01238613779709552,0.027687680899359683,2.507562038154276E-4,
3.558417027,0.0015779061685735618,0.008746824406987748,-0.003632402849447658,
3.563452428,0.007011836653608827,0.001247947806840198,-0.025891762123308126,
3.568518346,-0.017376370520862938,-9.181456607778408E-4,-0.01879690579239579,
3.573584264,0.01483425514580966,0.003098491283877727,0.027101147241083368,
3.578619664,0.00995090021039774,-0.00518722259789782,-0.0051379298633840165,
3.583685582,0.01179372798081818,0.007349245359181744,-0.015597160296955792,
3.5887515,0.003685470665904522,0.0020463884748453953,-0.02589325558131428,
3.5937869,-0.020037463311026404,0.007386622498626318,-0.016881596652551067,
3.598852818,0.008872373101178888,-0.01707654184484895,0.007564058615459501,
3.603918736,-0.00822192573780689,-0.002174417069629158,0.00796775079861689,
3.608984654,-0.02381386871524549,0.011663786656796673,0.025527032670144223,
3.614020055,0.015421561277803641,-2.3928317456266106E-4,-0.004480717613883911,
3.619055455,-0.012565094727757076,-0.00785744216465013,0.00983095325264216,
3.624121373,-0.004302564063455638,-0.0024529459192201043,0.013602067289614439,
3.629187291,0.013794276874235456,-0.005795364547876082,0.014714661644191551,
3.634222691,0.026355245718138354,-0.014206604138300868,0.015604737127853596,
3.639288609,0.005764372355760661,0.003954540908109306,0.018233301421034298,
3.644354527,-0.00688752555289146,-0.01407269539851256,-0.002649686988172917,
3.649420445,-0.0055100204423131904,2.2866008743995317E-4,-0.007869261309288333,
3.654455846,-0.0024915124476005412,0.028918279632451964,-0.019710936391181377,
3.659521764,0.005672805666919578,0.005898295580961572,-0.01767304598794439,
3.664557164,-0.01653109140396436,-0.020183707285230744,0.024167227272144487,
3.669623082,0.004011455001828534,-0.012313958015684596,0.0078347583802163,
3.674689,-6.238438110371947E-4,0.005468657806202322,0.00626780670417304,
3.6797244,0.007166940576170233,0.002458422338711859,-0.004556067136661568,
3.684790318,-0.009586271757813791,-0.005687070722780515,-0.0055613576155781885,
3.689856236,0.005734302906248989,0.001187648109275588,-0.02168541421746184,
3.694891637,0.006503946231249169,-9.663854188295302E-4,-1.1200324896876168E-4,
3.699957555,-0.0062836594212506425,0.012642419008686376,-0.002006106505424654,
3.705023473,0.004543384962999442,0.013934735988199103,0.009881931201910277,
3.710089391,0.011300723595399575,0.001577476290559281,0.002168240274027511,
3.715124791,0.01287358668881966,-0.010224835373802577,-0.007847927312027991,
3.720190709,0.004549357632305739,-0.008179868299042062,-0.025431173880871683,
3.725256627,-0.00594303342540542,0.006859425673266351,0.03137625230155194,
3.730292027,-0.027740266584074358,0.0035710366323630817,0.02700529871624191,
3.735327428,-0.004943678111009486,-0.010546491006609534,-0.020534432902007183,
3.740393346,0.005615370011192389,-0.00461639202403763,0.016140813053393543,
3.745428746,0.008325303821453911,0.0020563980995198967,0.012912650442714835,
3.750494664,0.012409754775913162,-0.007925194020384083,-0.010739215583328132,
3.755530064,0.008011299914480519,0.010896172908692735,0.0028954439395878495,
3.760595982,-0.018493303818415574,0.0010509227019541885,-0.02257378156707901,
3.7656619,-0.009045131335982448,0.018077066286563352,-0.010405216659913563,
3.770727818,-0.014902120693785936,0.014461653029250681,0.00317485010956986,
3.775793736,0.01106414328872124,-0.009500013514099456,-0.016612951943594467,
3.780829137,-0.00455200568152303,0.001982508719970435,-0.0037200490548752185,
3.785895055,-0.001737307670218402,0.007335518694726349,-0.00872555096264982,
3.790960973,-0.0032941430111746994,-0.02478344051296892,-0.003147432957620211,
3.795996373,0.010768005903560252,0.008908599152124864,0.01855138957140312,
3.801062291,0.016280420347848212,-0.006288648022050109,0.028256639000872497,
3.806128209,-0.02337703090922144,-0.02801675826139009,0.007273279950698708,
3.811194127,-0.014868616914877175,-0.005164871452862072,-0.009501200258190678,
3.816229527,-0.0023123740006517624,-0.006048401068539655,0.017301383543447457,
3.821295445,-0.0037664031067713988,0.01048110336391828,0.01767411464725832,
3.826330846,8.19885327082881E-4,0.014134394409884624,-0.006930044219693343,
3.831396764,0.014059228574166305,0.0017249959966577008,-0.01512655490700432,
3.836432164,-0.013654960890666978,0.005213004609826162,0.010884595918145834,
3.841498082,-0.0013414491812835938,-0.02264844396838907,-0.004695643577983688,
3.846564,-0.002989663251276864,0.016366108106538744,-0.013339034393636595,
3.851629918,0.012928093617728509,-0.011809457264769004,-0.022158043921159276,
3.856665318,0.01800849051918285,0.002039250594434796,-0.010072626543177421,
3.861731236,0.006740776790346292,-2.8510343070216326E-4,-3.9208560954051563E-4,
3.866766637,0.007309125338527012,-0.01938091477581173,0.020755667449867232,
3.871832555,0.00776380417707162,0.003648100210600618,-0.025534137915105504,
3.876898473,-0.011025284783342693,0.014417503605980493,0.002558529511665242,
3.881933873,-0.012653235639174198,0.003867987259784395,-0.009452199828167807,
3.886999791,-0.00246877991758937,-0.016058442223422488,-0.019048576268783535,
3.892065709,0.013357007315928482,-0.005180738153737992,0.017317291328723172,
3.897101109,0.004936094133992763,0.01117523369575961,0.004283520562978538,
3.902167027,-0.0037171403178057894,0.02809301898785769,-0.01572601558086717,
3.907232945,-0.0029737122542446426,-5.114246534638489E-4,-0.004927003870943025,
3.912268346,-0.017698794022145747,-0.015728963941521082,0.01904423674699629,
3.917334264,0.014576316344783402,0.025722492909283138,0.019068397210096677,
3.922400182,0.0078280452633267,-4.91341610073491E-4,0.003767901361827697,
3.927435582,-0.00905738800808864,0.003439934524441208,0.014501137495711802,
3.9325015,4.0789818727909877E-4,-0.006830571911697034,0.02500423030906873,
3.937567418,-0.00541098613767671,-0.01120176221685763,-0.0048867524714957256,
3.942602818,0.010991035308608621,-0.014710921492236104,-0.01732492932094587,
3.947668736,-0.008443499878113103,-2.819207875388828E-4,-0.010026935644257051,
3.952704137,0.0028155125975095063,-0.0021420405362811076,0.02645110773459436,
3.957770055,-0.013067414140742417,-0.0036179293040248875,-0.03629760990607522,
3.962835973,0.008698900718656088,0.0315783128067801,0.013100583950141242,
3.967871373,-7.068950500751514E-4,0.01951313852667408,0.01622997887886335,
3.972937291,0.012850011303689901,0.021360022540089264,0.0014849596655910346,
3.978003209,0.00453049732420191,0.015171514125821411,-0.002632833048776817,
3.983038609,0.003624397859361528,-0.03191796448059288,-0.004022770345271098,
3.988104527,-9.334895250107667E-4,-0.0197848598657243,-0.001301712369967234,
3.993170445,-0.0026632955262586022,-0.021577399611329443,-0.014456897239723432,
3.998205846,-0.023199972358506904,0.015294232654686449,-0.005816006073029456,
4.003271764,-0.0032279466368055343,-0.026070277938750844,-0.010402316577172499,
4.008337682,-0.008331869028194439,-0.0017033903197506764,0.005093674082012001,
4.0134036,-0.014331510847555573,0.02737263930669946,-0.013173595890640044,
4.018439,0.01535363897820552,8.287755078595707E-4,-0.0028728610875123906,
4.023504918,0.01803242290131446,-0.010823795999962343,0.001534718942490798,
4.028540318,0.006759922696051579,-0.014408548518719873,0.0012277751539926385,
4.033606236,-0.007995382155658759,-0.013443342721225899,-0.014337604095555179,
4.038641637,-0.008312809630777018,-0.0011721546457307205,-0.019136098901443077,
4.043707555,-0.0047337437983716035,0.004799580970915422,0.009593464628846249,
4.048773473,-0.013369514569947283,-0.0018976399107676623,0.042147427953077354,
4.053839391,0.012290228187792185,-0.009184127553614127,0.02223112595621224,
4.058874791,-0.00548764166851623,-0.028416637980391304,-0.010950450797530209,
4.063940709,0.005180199165187027,0.019405361490686956,0.05061463936197619,
4.068976109,-0.01500867269910039,0.11128844934879957,0.053907238833330595,
4.074042027,0.0033128860594696663,0.004753415729039659,-0.03349774408958517,
4.079107945,0.05628800416007573,-0.07089209163551828,-0.07850717964666742,
4.084143346,-0.0066907880781894025,-0.016491505339664623,-0.01683406402983323,
4.089209264,-0.05514511093130153,0.023195955884518303,0.02675491674488306,
4.094275182,0.007592895629958796,0.028139284238864644,0.03289074980215645,
4.099310582,0.013740332128967025,-0.03304277182765829,-0.01199306422077484,
4.1043765,-5.067577343264018E-4,-0.04175404168087663,-0.04598361153287023,
4.109442418,-0.006142710874961099,0.012568446342798696,0.005351782648704173,
4.114477818,0.004656143800031154,0.04644391723048896,0.04832439486896334,
4.119543736,0.013307434571274923,-0.0011505302781088314,0.00418685964516996,
4.124609654,-0.010423388280480061,9.960796837629338E-4,-0.008137328690114742,
4.129645055,-6.849020306340381E-4,-0.012606456565489654,-0.004593359045841794,
4.134710973,-5.479216245072305E-4,-0.023500692596141723,-0.009424198955422014,
4.139776891,0.011060686137894182,0.0022687818605866203,-0.013288870883087611,
4.144812291,0.006932045004065357,0.019051353613469296,0.0161877509497792,
4.149878209,-0.009774188215497692,-7.87413279745644E-5,-0.006202631271426284,
4.154913609,0.005583969740101835,0.00377001475012035,-0.022198433142140317,
4.159979527,0.023620007823331457,-0.010387308512403721,-0.015842242607462254,
4.165045445,-0.011743642178834834,-0.01597586243492298,0.03520218247652984,
4.170080846,-0.013227921555567845,0.019775462395811617,0.03391125769997316,
4.175146764,-0.022081360681954265,-0.016735782427100707,0.01754648662872782,
4.180212682,0.005320751298186599,-0.0019018095354305653,-0.012769451322018455,
4.185248082,0.023409433069799312,0.006144567996655546,-0.025547592307614053,
4.190314,0.012990241768339461,0.008748662209824436,-0.005106042596091598,
4.195379918,-0.001106830022828409,0.05488711336160955,0.030387822173127077,
4.200415318,0.025933383637987306,0.017090843033037643,-0.025494429761497628,
4.205481236,-0.004155636839610177,-0.07060466932356989,-0.07593753599669739,
4.210547154,-0.024393845409188153,-0.014345063583855913,-0.016694853016106848,
4.215613072,-0.019515076327350556,0.061302269445415274,0.028782789462114877,
4.220648473,0.0035407709693695555,-0.017986993037417784,0.013443712038441191,
4.225714391,0.016248144119245633,-0.041208442086184224,-0.0026483506817474023,
4.230749791,-0.004250019860853493,0.0034224064873026178,-0.015522000857897567,
4.235815709,-0.007220816669932795,0.018057749408592096,0.0067352313449315915,
4.240881627,0.017196979476553742,0.039348543276873676,0.014958497575944918,
4.245917027,-0.007311752356257029,-0.0029938216285010574,-0.005269530064243355,
4.250982945,0.005649621552494377,-0.02346439324030085,0.013020704073605671,
4.256018346,-0.01654963869550452,-0.003451690373490676,-0.004903260959865818,
4.261084264,-0.01707271876890365,0.02022448754495746,-0.013492921267891589,
4.266150182,-0.004075655483872953,-0.031708593557784034,0.004525487204437795,
4.2712161,5.602763941516264E-4,0.014855293122522773,0.04000954991979988,
4.2762515,0.010030740646571279,0.03487007434176822,0.030091136029589904,
4.281317418,0.023344416736007012,-0.031478940526585425,-0.019982266957578432,
4.286352818,-0.006226810361194379,-0.03475346492126834,-0.01981882137856239,
4.291418736,-0.02413428032020548,0.01624019681298533,0.009047286647149377,
4.296484654,0.0036784155875856372,0.007254852762888266,0.011070837130219502,
4.301520055,-0.0027945722174315124,-0.019098461539689388,0.0011906540791759568,
4.306585973,0.013084166444804812,-0.04783492157550151,-0.039269644705409945,
4.311651891,0.010467333155843861,-0.005711784916651211,-0.002680364201827601,
4.316687291,0.010290370430925067,0.03756924394167903,-0.002144291361462436,
4.321753209,0.004399288532240031,0.007069555309593224,0.02318691066082934,
4.326819127,0.003519430825792036,0.00565564424767458,0.003229704309912762,
4.331854527,-0.0067669748706163935,0.008357523210639664,-0.008915259989569435,
4.336920445,-0.003497075990243126,-0.010550309556488266,-0.024368536116655903,
4.341986363,-0.0238669967296945,0.0030465687610593886,-0.04056416483082437,
4.347021764,-0.007594573946255623,-0.01479907311615249,-0.017131507645910204,
4.352087682,0.011160668967995502,0.0073135735383280075,0.007364129820771836,
4.357123082,0.018498847674396413,0.0077673627369124094,0.02696063979411889,
4.362189,0.018632085952017152,-0.009105934029220074,0.011998199335295112,
4.367254918,0.005335356261613744,0.017605389495373942,0.024918383686985734,
4.372290318,0.0023517811030410174,-0.0031520165287008475,0.023767714762088943,
4.377356236,-0.013438399336317186,-0.010175421816710675,0.0017778436846711543,
4.382422154,-0.01650023118780375,0.00526298285913146,-0.015826260208513077,
4.387457555,-0.01703319276274301,0.013792905818555166,-0.004994992541810461,
4.392523473,0.01510879735230558,0.001451805123594132,-0.0039959940334490796,
4.397589391,0.012087037881844453,-0.012241876213624693,-0.005113299133009619,
4.402624791,-0.003745897038274437,-0.011710004877149755,-0.02515997524390734,
4.407660191,-0.029803358255619528,0.0021188125045301966,0.03350971511737377,
4.412726109,-8.690537919956443E-4,-2.2145390262584205E-4,-0.0057605872811006265,
4.417792027,0.0031377647789034846,0.0036558446903993264,-0.021844797949880146,
4.422857945,-0.014726116301877201,0.0067576835648194625,0.005510001483846949,
4.427923863,-0.013697396947751739,-0.004176372679394427,0.01589481759332756,
4.432959264,0.013944426191798587,0.0043249174814844575,0.012715854074661692,
4.438025182,0.005406029234688858,-0.009943386327312433,0.004435378572228643,
4.4430911,0.021561151512751064,-0.02328674031184995,-0.01943753698596673,
4.4481265,-0.026794047539799193,0.021592775719270044,-2.3020537002338415E-4,
4.453192418,-0.0022824060005893765,3.7892450416035506E-5,-0.005933676014768352,
4.458258336,0.005827883793278532,0.007696329585332829,0.0010025709069356736,
4.463293736,-0.012574021090377197,0.031059407418266266,0.010372369225548184,
4.468359654,-0.004309705153551779,-0.001971321721636988,0.008297895380438902,
4.473395055,0.015705067908408532,-0.013063873783559592,0.014304331929350766,
4.478460973,-8.392659857731632E-4,0.002952221285652326,-0.001959854769019387,
4.483496373,0.00889889971138147,-0.0014712307839781398,-0.01115040334646622,
4.488562291,0.010952127581605187,0.021808855216567488,-0.0012543070521733313,
4.493628209,0.004928694252784138,-0.007455259576746011,-0.004836453454238665,
4.498694127,-0.011376868816522667,-2.146959426468087E-4,0.015283669267859068,
4.503729527,0.013884344790531855,-0.009754276285367448,-0.01267540833571168,
4.508795445,-0.021460883542574527,-0.007803421028293959,-0.029293158699818633,
4.513861363,-0.007586187302809633,-0.015813049322635168,0.003384320696394383,
4.518896764,0.0035013626577522494,0.004585888666891864,0.010373472182115151,
4.523962682,-0.006769222373798178,0.003668710933513491,0.01595258633944141,
4.5290286,-0.005415377899038565,-0.0047310468781892046,0.018511580790303128,
4.534064,0.005238010180769137,4.817030994863636E-5,0.005226745100992858,
4.539129918,0.019522439394615343,-0.0076152723457910895,-0.037957275794205714,
4.544195836,0.015617951515692285,-0.01184172959538287,-0.011212988604114571,
4.549231236,9.953377750538395E-4,0.021166264761193706,0.01976496067920941,
4.554297154,-0.0011202336862069506,0.011195707121454967,-0.014827679894132473,
4.559363072,-0.008549995542715572,-0.01402927414658603,-0.015695151727806333,
4.564398473,0.010396331690827543,0.006012908807731178,-0.008723113569745422,
4.569464391,-0.018501782303587955,-0.008592993266315057,0.023661157581704728,
4.574469273,-0.01671792974912034,0.008445429605697954,-0.002140409872136928,
4.579474156,4.1183544453760046E-5,-0.029632816471691636,0.015524000227291168,
4.584479039,-0.01721558832068698,0.00310038744764669,-0.004817127943166355,
4.589483922,-0.023342783156549585,-0.010923010354382649,-0.023006534385782373,
4.594488805,0.004311613318510321,-0.033640752033506124,-0.010739211883624478,
4.59946317,0.0015327867485582791,0.007572261654445099,9.789429931004179E-4,
4.604468053,0.005059237211346601,-0.0016082063014439194,0.01993598642573069,
4.609472936,2.1438195657730308E-4,0.002546442771344866,0.02169830085933455,
4.614447301,0.00974181806526181,-0.0037123575016741045,-0.003710695250031648,
4.619452184,0.007793454452209414,0.004696129623660714,0.006613963331224326,
4.624426549,0.00431825965551752,0.005673407605178572,-0.0042913488662712496,
4.629431432,0.013037127255664027,0.004538726084142859,3.999287194833556E-4,
4.634436314,-0.01255613803921879,0.01895080508606429,-0.014999881243163316,
4.63941068,0.005274913787374935,-0.00590869186864857,-5.130885882813629E-4,
4.644415563,0.01571895446739996,0.004843359005081146,-0.015730295089374735,
4.649420445,-0.014243684082330066,0.021111015329064918,0.0027355881472495014,
4.654394811,-0.005645435547114053,-0.006084820549248065,0.017508294736549246,
4.659399693,0.01080347578105878,-0.008700864251898453,-0.012800004835760603,
4.664374059,-0.01242655531265302,0.006442628910981241,0.014650132850141162,
4.669378941,-0.0022752286251224163,-0.013998728902465007,2.3328987386328492E-4,
4.674383824,0.013499641318652056,-0.011198983121972005,-0.007479383725909727,
4.679358189,-0.006436615070078311,0.008277141627422397,-0.005983506980728137,
4.684363072,-0.0032327881498126487,0.01620423283318792,-0.012440614178331089,
4.689367955,0.005067578073899848,-0.0061894457646996665,-0.01761850696766487,
4.69434232,2.3326167786991148E-4,-0.0011185487992597352,0.016557049894618814,
4.699347203,0.004007410123545885,0.0010094578355922118,0.0017466164781954063,
4.704352086,-6.148726824132811E-4,-0.004929738419026233,0.00906330880755668,
4.709326451,0.012911422166569375,0.0037100178585290147,0.028319982983546765,
4.714331334,-0.016489709922994478,0.022120846318073213,0.009240459043088123,
4.719305699,0.0040445601866043734,-0.014859475289291432,0.026545199265720854,
4.724310582,-0.0025016565382165457,0.0072652517998168555,0.005916335193827393,
4.729315465,-0.013500348668073259,0.011561713158603486,-0.0010164435636887958,
4.73428983,-0.026120103153208618,-0.0022496529106172114,0.004936356867798253,
4.739294713,-0.005576258303816917,-0.013286538734743773,-0.0018004262245110425,
4.744299596,0.0012885050756964445,-0.018295246612795017,-0.0033446378546084787,
4.749273961,-8.856998456928111E-4,0.006433138647263987,0.006894602216313217,
4.754278844,0.012694760435945751,-0.017839328925938813,-0.021303165883200137,
4.759283727,0.013988816161256579,-0.016187967047001053,-0.013209524894060465,
4.764258092,-0.0022122673834947815,0.006214665424899159,0.002847907428501273,
4.769262975,-0.009435829531795836,0.010709037027419328,0.021431157974051374,
4.774267857,1.1735199956330877E-4,-0.014418610221814537,-0.026910249402009256,
4.779242223,0.007747690193400658,0.015283959478798369,-0.03302722295910776,
4.784247105,-0.0014556564390294513,0.008394159770538694,0.013800389601463792,
4.789221471,7.519787550264168E-4,-0.006687992496069044,0.0014699991811717439,
4.794226354,-0.010897440433478844,-0.001517386184355235,0.012662815751188106,
4.799231236,-0.0010519367217831088,0.016022419177515814,-0.001356563805298805,
4.804205602,0.010645267028823513,0.0032354158107626534,-0.0259875947942394,
4.809210484,0.016182229248058788,-0.005065475945139876,0.019432092133358836,
4.814215367,0.0033632638671970416,-2.1937294361190282E-4,0.01746217761293778,
4.819189732,-0.008796205312492367,0.009394814145110477,0.0024829256841005787,
4.824194615,-0.0012874525312439045,-0.007803972902661618,-0.013345690702719182,
4.82916898,0.010456854381254876,0.005243638084120705,-0.0164138572496757,
4.834173863,-0.020357661026246143,-0.007291905938953437,0.0041052423252594394,
4.839178746,0.016270023522753085,0.001820283842587249,-0.006298325671043159,
4.844153111,0.013016018818202468,-0.0023645737071802016,-0.020358484755584882,
4.849157994,-0.0068235130704380476,-0.01722369021574416,9.495403205317388E-4,
4.854132359,0.0041115020436495175,-0.004196432641345324,0.010342151787675391,
4.859137242,0.001372697728669603,4.758616994237422E-4,-0.0013087981011103977,
4.864142125,-0.016138169942064295,-0.0053688223592110035,-0.008713054105887963,
4.86911649,-0.00907752814115148,0.0071917585188811944,-0.012707747972211081,
4.874121373,-0.009178526419171162,-0.0057334095911450444,0.0032371219347311353,
4.879095738,0.011810010895913103,0.008816592639583967,-0.0031598141709636707,
4.884100621,0.019030528247980516,-0.006350046200832828,0.016624980694478708,
4.889105504,-0.01159442505786562,0.008323283351833743,0.028632015805584388,
4.894079869,-0.005442532233792485,-0.0029116858185330025,-8.022719928213462E-5,
4.899084752,0.010965798431716023,-0.004245852561076402,-0.005813693478176063,
4.904059117,0.0030231270266228294,0.00426933357613888,-0.012316970407541206,
4.909064,0.0062515094337982635,0.0014989629546610997,-0.01175787320103261,
4.914068883,-0.006485608859211345,-0.010299853073771126,0.003997021751674268,
4.919043248,0.008214833225130891,0.007079941759733102,-0.008301406036160586,
4.924048131,-0.004914949826145265,0.011413465126536484,0.02209422673357153,
4.929022496,-0.02116828798591619,0.03211661194497919,-0.005310458456893485,
4.934027379,-0.013113829607482974,0.004623953618483351,0.009167160578234856,
4.939001744,-0.008574559779736424,-1.3384491771331955E-4,-0.01373560747491176,
4.944006627,0.008472383426210872,-0.005844380621670656,0.023484170270069882,
4.94901151,0.00294489892846872,-0.0027712076223365273,0.011121320591055195,
4.953985875,-0.007226600388475002,-0.0022169660978692204,-0.0083392716521562,
4.958990758,-0.0019482724982800015,0.0020594349342046223,-0.03349026497797425,
4.963965123,0.0061073976263759655,0.005480555759863698,0.021095971611371667,
4.968970006,0.014456230601100739,-0.016684891329609042,0.020709785101598044,
4.973944371,-0.0018383358316194087,0.007721422873812767,0.00316450776877808,
4.978949254,-0.022540004602795538,0.015759657830300214,-0.02812024925372647,
4.983954137,-0.014198995869736442,-0.012294617485759829,-0.012913679871731532,
4.988928502,0.005877131429210869,-0.007919190082357863,-7.606313973855805E-4,
4.993933385,0.012355513737118684,0.0013184565278637102,0.0032245026945929567,
4.99890775,0.01755042661469497,0.00488777303479097,-0.012740222063076345,
5.003912633,-0.0070289946457440244,-0.003743590165917226,-6.218651504603656E-4,
5.008886998,0.009696628502154747,-0.0029948721327337814,0.011001531317130997,
5.013891881,1.0349420797378661E-4,-0.017727928956187026,-0.012268110883795202,
5.018896764,0.003915803178879018,-0.01801535097744962,-0.03280032855078652,
5.023871129,0.018452466761853248,0.018156078593040303,0.012065401221871497,
5.028876012,0.0013464460657325872,-0.010377480875567759,0.024972145196247908,
5.033850377,-0.02956249158491392,-6.359690754542055E-4,0.016144708344498326,
5.03885526,-0.00641366514293118,0.0014077286458866328,0.003345454175599727,
5.043860143,0.02168791554190508,0.010696495416709306,-0.0011566444720205737,
5.048834508,0.009684316808524052,0.008557196333367448,0.012478004734884252,
5.053839391,9.36448530692302E-5,-0.01230707496455604,0.006161603006656691,
5.058813756,-0.001841588023794638,0.0035576603408551677,-0.025722573063424292,
5.063818639,0.0042640342684642785,9.418313976841328E-4,-0.007174738138239434,
5.068793004,0.007244235227271412,0.006490769805647306,-0.013393599104341902,
5.073797887,-0.017190451661932893,-0.004377696655482155,-0.012631383189724232,
5.07880277,-0.01375236132954627,-0.0035021573243857254,0.00904772547947097,
5.083777135,-0.014822689844886994,-8.852219532585782E-4,0.016808492883576776,
5.088782018,-0.015691159688409617,0.005029127124893139,4.347399436177568E-5,
5.093756383,0.014253712874272295,0.007856309512414512,0.013438099507990131,
5.098761266,0.01331947420566787,-0.01670079223381839,-0.0026528407061086057,
5.103766148,-0.0027477409479657044,-0.019097938474554717,0.036183391497612405,
5.108740514,0.0035513189603774142,-0.0037915343733937734,0.009793881166839213,
5.113745396,0.010494863762051942,0.016119604532534984,0.00400209712097066,
5.118719762,-0.005007429302858468,0.009062675813527987,0.014700701134277239,
5.123724645,-0.017409263754786797,0.003417132838322387,0.0021780413761725015,
5.12869901,0.005225421027420518,-0.02023992654184209,-0.019326902836562354,
5.133703893,0.01566715322818646,0.006781691579026326,-0.04993417851924953,
5.138708775,0.001046906176299156,-0.006061463143028939,-0.022711014690399267,
5.143683141,-0.0010789789652106974,-0.008682178326923154,0.022053356216432007,
5.148688023,0.020206152765331442,-0.014599551255288522,0.002322860754397027,
5.153662389,-0.0049044137252348685,0.013210495714519183,0.005691296416017622,
5.158667271,-0.015422554417687917,9.980840716153488E-4,-0.006945986304685903,
5.163672154,-0.002755524002900356,0.004631475069792279,0.0021092265812505673,
5.16864652,-0.0022044192023202847,0.009442484743333826,0.007436892983751164,
5.173651402,-0.015166855674356217,0.007553987794667063,-0.011299020769248713,
5.178625768,-0.006396179851984984,0.004126686329483653,0.008209318540851385,
5.18363065,-0.056825928256588,-0.3529486509364131,0.2038452868639311,
5.188605016,-0.3231951176052704,-0.0716655613741305,0.8257959560536445,
5.193609898,-0.4845692776779664,-0.2890951444118044,-0.8524980007820844,
5.198614781,-0.20378091042362312,-0.8710100022481936,-1.9289100217194175,
5.203589146,0.29666765447360155,0.3451475646076952,-1.2366582908130344,
5.208594029,0.7564015063913813,1.4502391454361563,-0.4549516326504275,
5.213568395,0.959454701206855,1.4589828202551751,0.27960558841090766,
5.218573277,0.7254250890904841,0.77071408823539,1.1449735332287254,
5.22357816,0.1838679033036373,-0.080621112224188,1.9521848812704796,
5.228552525,-0.19576456407584014,-0.5835642725918504,2.3834397995476344,
5.233557408,-0.35388948329192216,-0.5894344258859804,2.1365980310443575,
5.238531773,-0.38270875460228776,-0.38727019695878434,1.192127545929237,
5.243536656,-0.37894532399433023,-0.22553881381702748,0.020926157837140025,
5.248511021,-0.3204047943517142,-0.086583394803622,-1.0596995034177876,
5.253515904,-0.1509771557938714,0.0705526200946024,-1.7977718097654787,
5.258520787,-0.1533378769788471,-0.09678056017431808,-2.1564791665623826,
5.263495152,-0.41572450080182766,-0.3187574559519545,-2.1772097004374054,
5.268500035,-0.4034414170477122,-0.3565196366365636,-1.891169615818674,
5.2734744,-0.062267293794419754,-0.2852157093092509,-1.2467003410924384,
